{"cameraMode":{"drawMode":0,"name":"Shaded","section":"Shading Mode"},"sceneLighting":true,"audioPlay":false,"sceneViewState":{"m_AlwaysRefresh":false,"showFog":true,"showSkybox":true,"showFlares":true,"showImageEffects":true,"showParticleSystems":true,"showVisualEffectGraphs":true,"m_FxEnabled":true},"in2DMode":false,"pivot":{"x":0.03503561019897461,"y":1.1721911430358887,"z":-12.456254959106446},"rotation":{"x":-0.1253204643726349,"y":0.7593106031417847,"z":-0.1535266935825348,"w":-0.6198267936706543},"size":11.290870666503907,"orthographic":false}